OS,Hash,Round,RawTimes
Aws,blake2b,round1,"[44934703, 120636421, 415051906, 53520626, 51622025, 91586364, 169566478, 10615533, 119740652, 124016249, 32560691, 2739956, 33577540, 94702536, 97123442]"
Aws,blake2b,round2,"[7945856, 245742699, 47715514, 99645483, 136668630, 40531924, 12679497, 42367388, 184901634, 456178123, 91245614, 217073770, 185852611, 40580316, 277793802]"
Aws,blake2b,round3,"[723023, 110908919, 32225624, 83264648, 13741175, 81906335, 3570611, 61393773, 177760515, 6373043, 27020129, 385147410, 207747930, 57144612, 12968701]"
Aws,blake2b,round4,"[134709122, 45754969, 86216739, 42655083, 39015387, 119545256, 289152293, 76072263, 95399001, 107635524, 102165599, 428641423, 63048076, 255394989, 16671443]"
Aws,blake2b,round5,"[96819434, 111706702, 35385041, 25141534, 4024718, 46542272, 81109901, 116632167, 30456052, 492675, 7609872, 100553653, 57413781, 222626273, 14629930]"
Aws,blake2b,round6,"[33364910, 165749085, 25668375, 76631036, 90560642, 7255716, 52905335, 16884632, 382083486, 50045452, 281970237, 250002259, 349237900, 25211132, 29809679]"
Aws,blake2b,round7,"[322485446, 38851130, 103324880, 74054624, 70640007, 47707035, 145982922, 122032209, 127719797, 32726190, 89310691, 130222400, 140683692, 70762538, 9670077]"
Aws,blake2b,round8,"[147181825, 158165320, 166075593, 106591959, 269972755, 42701175, 18476261, 137744928, 17367714, 30219712, 41843783, 27119692, 32153885, 102069411, 114215534]"
Aws,blake2b,round9,"[77602416, 110655939, 62001382, 27327123, 14858452, 135424812, 147178172, 174528496, 155519843, 141369588, 44898843, 44113179, 2255392, 14292785, 21124709]"
Aws,blake2s,round1,"[128344015, 33281911, 70755846, 53955899, 264434728, 48836995, 25702083, 108419752, 62551313, 274464811, 215884486, 106348779, 173556391, 356451852, 115384082]"
Aws,blake2s,round2,"[31265475, 28167375, 29445349, 250084578, 35028853, 4687012, 90496398, 98374754, 44619185, 20538651, 134098546, 16828464, 30736681, 44344038, 25396431]"
Aws,blake2s,round3,"[30388723, 106982077, 115463477, 77910617, 111804032, 64367457, 29369417, 16204657, 143410935, 146756726, 169870898, 155706329, 137326064, 44393065, 42951335]"
Aws,blake2s,round4,"[2923360, 14087518, 23321892, 76709720, 37800049, 5839242, 135358219, 17638397, 37725755, 7658427, 127655735, 224743572, 48748235, 51668326, 92409534]"
Aws,blake2s,round5,"[66538728, 129246022, 33325606, 70662686, 56264608, 266468275, 47275467, 27827635, 107735829, 64179381, 277023185, 214403438, 103239313, 172912980, 355865714]"
Aws,blake2s,round6,"[115107728, 33163781, 26788954, 28911939, 250021503, 35145083, 5408922, 87077719, 102849242, 45879748, 18717918, 136575658, 17216188, 31782307, 41490878]"
Aws,blake2s,round7,"[25711541, 30491596, 100839233, 112407811, 77325407, 112391553, 64605965, 28475104, 15139923, 141435880, 146148660, 175076106, 152318318, 142805834, 46118766]"
Aws,blake2s,round8,"[44130806, 2218854, 14243305, 21691037, 82858936, 36736602, 5061381, 136707045, 17738868, 39454323, 7071844, 125866084, 227492225, 49508718, 50161120]"
Aws,blake2s,round9,"[88841298, 69490607, 124877189, 34909052, 69275014, 53636159, 264711882, 48953972, 28089864, 104499567, 64626637, 279108958, 215997355, 107061609, 170441047]"
Aws,blake3,round1,"[99283733, 35450931, 365657163, 176193098, 260174489, 227159453, 96468999, 123061171, 50806843, 9706893, 13951728, 81949942, 30887744, 181484818, 400693387]"
Aws,blake3,round2,"[130472064, 14450862, 117281845, 224453084, 133319958, 173023149, 230979656, 58346335, 148226045, 75785396, 51707220, 69574446, 92820942, 178670, 58029226]"
Aws,blake3,round3,"[246893260, 9829599, 166239787, 8112531, 138042227, 58225226, 147789742, 35708165, 236639050, 56401286, 96661245, 12850660, 43831725, 121205515, 108308182]"
Aws,blake3,round4,"[132486111, 73522900, 136819609, 13628610, 169546786, 57053716, 96955236, 188700370, 49482550, 49440583, 71093621, 6987233, 144051391, 138687722, 215324235]"
Aws,blake3,round5,"[113716612, 89449053, 15395600, 79379904, 215735923, 269208972, 30021855, 173172826, 41509240, 188054571, 109174478, 6426644, 10136221, 7070655, 10295930]"
Aws,blake3,round6,"[60164273, 43793714, 274016192, 201080169, 124375452, 16027052, 157173133, 32592406, 635537620, 55118495, 35118546, 187209377, 61376373, 147591912, 33469565]"
Aws,blake3,round7,"[16386065, 94989599, 6032501, 9847563, 181283789, 128056229, 10328866, 20804305, 109760444, 64752710, 71398960, 13834067, 39590910, 57699571, 10407471]"
Aws,blake3,round8,"[200547809, 187578919, 106957435, 59897251, 175882256, 87216771, 307574988, 11293648, 43167044, 119961959, 24538551, 325319266, 4788680, 32616322, 87814562]"
Aws,blake3,round9,"[170391069, 17140653, 118824833, 5754966, 17687278, 31600358, 184007189, 10242195, 117615184, 19663467, 13459662, 139170468, 130747291, 17002703, 33979204]"
Aws,sha256,round1,"[80236134, 37962664, 5168455, 140608807, 18571343, 38341228, 6770671, 126549066, 223311961, 49236815, 50500437, 86672638, 68777022, 125135876, 35167702]"
Aws,sha256,round2,"[71200231, 55924230, 266669224, 47956848, 27644979, 110635838, 63786597, 275778970, 212120427, 102169987, 173079717, 355187948, 112093169, 31386265, 26817353]"
Aws,sha256,round3,"[30682245, 248931079, 30844850, 5024261, 91403631, 99375835, 46515889, 18966581, 133451753, 17045032, 29406977, 44951221, 25167044, 31195101, 102660876]"
Aws,sha256,round4,"[112206469, 79410511, 110123757, 64686559, 30378208, 14195816, 135730850, 144390402, 174441403, 153522088, 140849219, 45163203, 44128973, 2145274, 13094202]"
Aws,sha256,round5,"[20152675, 79468286, 40321187, 6055002, 135109488, 16075228, 37954591, 7082453, 125949285, 224793685, 46511852, 50213250, 93015778, 71867670, 130451691]"
Aws,sha256,round6,"[32369627, 71138338, 53546052, 266729038, 47344593, 28511671, 105412547, 64699473, 275747141, 219109713, 102615455, 178276674, 350994410, 114201528, 30970993]"
Aws,sha256,round7,"[27622234, 29719340, 246480877, 35399498, 5328385, 89807599, 102392317, 47043672, 18194113, 135969282, 16262709, 30922654, 41265752, 24702788, 32989913]"
Aws,sha256,round8,"[102764440, 112499538, 83139680, 112481743, 63092868, 27740313, 14763373, 133707390, 148726584, 180264721, 155220120, 141516510, 44554833, 44668721, 3041405]"
Aws,sha256,round9,"[14449199, 21169704, 78998812, 38553073, 5615866, 141774658, 16276431, 37139811, 7716115, 121944746, 225400210, 49994814, 52710892, 90514409, 65645236]"
Aws,sha512,round1,"[353285089, 114135060, 30410565, 27875339, 30290533, 249138651, 34750624, 5078492, 90753579, 100808877, 43800800, 18890171, 136455459, 15364061, 31928793]"
Aws,sha512,round2,"[42593858, 24432547, 31426271, 102546411, 117603365, 77493682, 117312784, 66864216, 29319884, 14536165, 136940654, 145512870, 171121346, 152326400, 138420096]"
Aws,sha512,round3,"[44814031, 43377483, 2982830, 15409496, 20417728, 76835735, 38375976, 4879326, 134712654, 17367578, 39625919, 8437050, 123005652, 226516829, 49717466]"
Aws,sha512,round4,"[50814970, 89274083, 68320932, 124760523, 33864323, 73019095, 54802362, 270652375, 49076018, 29440561, 109573377, 67947654, 288456359, 220731886, 106112994]"
Aws,sha512,round5,"[179482061, 353595218, 117069789, 32579150, 27515015, 31176551, 244055817, 34587599, 4543604, 88232322, 99474468, 44415505, 18030782, 139348634, 17082569]"
Aws,sha512,round6,"[30248846, 43655669, 24950092, 30632445, 103738176, 114411444, 79855987, 114326294, 64800748, 28619720, 13991464, 142319892, 147128518, 171632450, 156832369]"
Aws,sha512,round7,"[143000745, 46141271, 41107173, 2177598, 14659384, 20910019, 78664375, 37823582, 6401481, 138525895, 16598679, 41598282, 7015835, 126061229, 231076313]"
Aws,sha512,round8,"[49743264, 50754072, 88857949, 65497137, 129526762, 35144573, 70332361, 56807033, 270911450, 47839407, 27782491, 108859015, 63073625, 275214490, 210121186]"
Aws,sha512,round9,"[105288853, 171751805, 352516036, 114579100, 30638998, 27237148, 30847362, 247519480, 33994681, 5488889, 87511466, 100533090, 47889523, 17808876, 138287441]"
Linux,blake2b,round1,"[20379155, 56798979, 206722072, 25089853, 24628157, 44074603, 81761892, 4883365, 59538009, 59037623, 13169950, 779114, 15610757, 38630109, 44987791]"
Linux,blake2b,round2,"[3382308, 120764874, 21805518, 53663793, 66875342, 18943290, 4822433, 17565406, 94014932, 218271429, 38447750, 105077673, 88636044, 16247194, 139843245]"
Linux,blake2b,round3,"[328423, 56397367, 17172854, 42996991, 12548112, 38248788, 1625229, 26354045, 83197233, 2379783, 10460531, 186615931, 100757397, 24886137, 5439559]"
Linux,blake2b,round4,"[67055961, 21825605, 42188700, 18407801, 18070058, 55784613, 144447690, 38097041, 47476242, 55212088, 41041024, 196923643, 28783571, 117547499, 9186623]"
Linux,blake2b,round5,"[44766944, 53805056, 14723754, 10841680, 2194482, 24172155, 40935958, 50512351, 14207083, 233699, 2898761, 50065216, 28239484, 108959952, 6465292]"
Linux,blake2b,round6,"[13791238, 84522213, 10602758, 32818553, 42973593, 2773362, 27438571, 7620956, 193493686, 24106442, 131058788, 117581496, 163550755, 10642708, 13455870]"
Linux,blake2b,round7,"[163417582, 18868566, 49417318, 34978395, 31093061, 18295768, 66725111, 65863253, 57569246, 13504741, 40100562, 63648367, 63398226, 32596909, 4354342]"
Linux,blake2b,round8,"[73279385, 71057524, 78556109, 52191343, 129976453, 21194843, 8436153, 69378483, 6357626, 13643787, 20141286, 10094894, 12570319, 44950206, 51651188]"
Linux,blake2b,round9,"[35825367, 52507391, 30960956, 13287587, 6473687, 68783795, 72432473, 90004674, 75676815, 67131356, 18622891, 17851784, 1161182, 8209695, 8161191]"
Linux,blake2s,round1,"[54987913, 15168943, 31518738, 23655337, 131269593, 21683517, 12561592, 48857470, 28353485, 122747227, 96425509, 53427830, 74653888, 159602325, 55715775]"
Linux,blake2s,round2,"[14724695, 10664899, 12130578, 118988078, 14650500, 2219640, 38816045, 46169213, 19209859, 10345160, 63938109, 7520187, 12694795, 17441126, 11147446]"
Linux,blake2s,round3,"[12969347, 56341726, 53982063, 42461009, 49400673, 28326452, 11673337, 6082662, 64834547, 62417330, 79474293, 70570602, 73075272, 21483888, 18689221]"
Linux,blake2s,round4,"[2519117, 6628246, 9414995, 35887121, 18775950, 2177364, 69845826, 7438722, 18935385, 3023080, 64460773, 109057006, 22331957, 23094341, 41655156]"
Linux,blake2s,round5,"[28526227, 57159546, 14429743, 32866736, 22317148, 125084073, 21475995, 11612091, 51313492, 29433440, 131784777, 103415171, 47585873, 78499848, 158086168]"
Linux,blake2s,round6,"[53472318, 14572351, 12453576, 12995151, 119563934, 13817976, 2303231, 38119371, 51614614, 21406276, 7585712, 71329694, 6785660, 17694856, 19761647]"
Linux,blake2s,round7,"[11718351, 14844492, 50778412, 57547773, 42745589, 50007430, 27040972, 11360349, 6562372, 67583715, 77783055, 80214008, 73620069, 73199360, 22341337]"
Linux,blake2s,round8,"[18200909, 1183855, 7605695, 9954992, 41859172, 19526568, 2229420, 72562385, 6724206, 18536417, 2952810, 63316768, 117077750, 23045529, 24894993]"
Linux,blake2s,round9,"[47320488, 31432084, 64431389, 15965065, 31735999, 25382867, 135691800, 23079838, 10975010, 51217862, 33555231, 128360012, 99520478, 50098615, 84828233]"
Linux,blake3,round1,"[41844486, 18457927, 181980874, 77440862, 112382599, 107572541, 43562828, 54432377, 22033733, 3670493, 6751113, 38195179, 13172914, 78371089, 189452994]"
Linux,blake3,round2,"[63087404, 8776604, 51592447, 100297576, 57988372, 78146841, 105565257, 26146213, 74560851, 34409012, 21374047, 32684543, 39320923, 82990, 25683682]"
Linux,blake3,round3,"[115277907, 4011059, 78420842, 3389252, 67031466, 28325059, 66124881, 17504734, 117292221, 30064485, 48180867, 6104654, 22474007, 58107089, 52435750]"
Linux,blake3,round4,"[58968901, 33969865, 63590870, 5971327, 82430362, 25205809, 45217365, 89675223, 20603988, 23821540, 29267466, 2606258, 66946063, 58767508, 106848672]"
Linux,blake3,round5,"[51297857, 39030857, 6128907, 38036791, 96479268, 125411302, 11771595, 79558592, 18855372, 92747930, 55294173, 2349255, 4276210, 2489884, 4020530]"
Linux,blake3,round6,"[29447436, 21112903, 122516519, 102765424, 64872805, 6235308, 73206693, 16328341, 307346633, 30556307, 19562582, 96886675, 33135141, 62488688, 15175821]"
Linux,blake3,round7,"[7263674, 43083261, 4642160, 4563307, 89895097, 62883534, 4479192, 8366672, 54607108, 31109455, 33303315, 4883573, 23949560, 26939675, 4099791]"
Linux,blake3,round8,"[89908293, 91544063, 54575118, 26792604, 85968112, 40269009, 144923054, 5885242, 18779988, 54418917, 13578025, 164651709, 2319949, 15727167, 45759461]"
Linux,blake3,round9,"[77560500, 7318731, 55515392, 2469947, 8477376, 15122502, 88198202, 4232456, 57490248, 9951882, 6478085, 66025698, 67012765, 7221357, 15827398]"
Linux,sha256,round1,"[37595001, 19225828, 2473025, 68683746, 10040007, 17659282, 2874989, 55165812, 109435434, 21299365, 20536874, 45845565, 30373670, 59867194, 19230765]"
Linux,sha256,round2,"[33168422, 23597933, 126610366, 23326817, 12566743, 55063380, 30680947, 142590116, 96556761, 44809324, 82456303, 167739601, 48039584, 15380859, 12593024]"
Linux,sha256,round3,"[13129475, 123318418, 14213773, 2647067, 43342339, 45511890, 20136562, 7403697, 62744587, 6760239, 12956641, 19290076, 13246888, 13718571, 50778766]"
Linux,sha256,round4,"[47890050, 40729840, 66090768, 29719264, 11133412, 6335056, 64582331, 65731555, 81544506, 71217745, 66032577, 21046774, 20890894, 1280619, 9606618]"
Linux,sha256,round5,"[8830971, 34322051, 16819234, 2160603, 63817455, 7124434, 16814974, 3224148, 61381660, 113943444, 21306798, 26259807, 46262892, 28950572, 60070665]"
Linux,sha256,round6,"[15320846, 31439412, 22473037, 124275537, 22216403, 15800751, 52934397, 27965811, 136547115, 109024956, 48449375, 77230026, 165016731, 53272761, 14008608]"
Linux,sha256,round7,"[12266773, 13751446, 118363494, 14251264, 2147941, 39875260, 42384254, 21189943, 7951784, 65192424, 6745173, 13799295, 18301239, 9487039, 12853770]"
Linux,sha256,round8,"[46060850, 52728029, 35340844, 50381119, 29603117, 12472848, 6037052, 64871600, 73374094, 79196235, 70046781, 65778582, 23613426, 18489253, 1612791]"
Linux,sha256,round9,"[5481164, 8919927, 36103364, 15802585, 2207419, 65451135, 6793511, 16791879, 3238538, 59723563, 104653687, 20435942, 21409114, 40327249, 30658368]"
Linux,sha512,round1,"[169010473, 49479594, 12935928, 12703170, 12073202, 123630523, 14897873, 2556360, 43128629, 48819366, 21780401, 8036376, 70768263, 7631780, 14999304]"
Linux,sha512,round2,"[20549198, 11404617, 15761399, 43742614, 51375653, 36840649, 59815432, 26443081, 10956808, 7953091, 67079627, 71994006, 91063779, 77701910, 72095794]"
Linux,sha512,round3,"[21887507, 24090553, 2863351, 8013271, 8549015, 35015379, 18131827, 4061425, 64568022, 6919271, 18760035, 3404952, 60260465, 109927944, 23140859]"
Linux,sha512,round4,"[20424470, 40262839, 33800148, 61073561, 15994851, 32806079, 24450250, 130249771, 22119815, 12440650, 47199129, 31020116, 129121620, 116576220, 48687456]"
Linux,sha512,round5,"[77410311, 160240432, 55696520, 14357026, 11812165, 13054888, 117906604, 15001511, 4745289, 45347271, 43381866, 20601351, 7987688, 67519426, 6540631]"
Linux,sha512,round6,"[15117135, 22775568, 10269140, 14848821, 53991487, 50111595, 36527207, 51053663, 31172295, 10949074, 6019384, 63145852, 73222343, 82726569, 76635171]"
Linux,sha512,round7,"[64229564, 20972176, 20624677, 1128589, 5965901, 9519549, 40512742, 15358564, 2324411, 65136852, 6719032, 17675450, 2985097, 60103822, 113780630]"
Linux,sha512,round8,"[25868208, 22199467, 43127034, 32383221, 60139493, 14840234, 31756600, 23725186, 124822832, 22509659, 12096388, 49684384, 27343191, 137326803, 104618288]"
Linux,sha512,round9,"[50450245, 80166168, 173536530, 55079485, 13463828, 11182776, 14596591, 119267838, 14690435, 4896274, 41540050, 55124680, 23852133, 8088878, 69108982]"
macOS,blake2b,round1,"[19880000, 50513000, 171576000, 22584000, 21581000, 41136000, 70332000, 4991000, 49406000, 51238000, 12700000, 813000, 13825000, 39690000, 40591000]"
macOS,blake2b,round2,"[3672000, 100999000, 19894000, 39584000, 56548000, 16803000, 5101000, 17372000, 74942000, 185401000, 37885000, 90966000, 79915000, 17847000, 119148000]"
macOS,blake2b,round3,"[395000, 46150000, 14740000, 33395000, 5565000, 33092000, 1421000, 24479000, 67909000, 7361000, 9874000, 153217000, 84144000, 22877000, 5262000]"
macOS,blake2b,round4,"[56037000, 17925000, 34997000, 16218000, 14895000, 45339000, 124663000, 34545000, 43128000, 49239000, 45027000, 201027000, 26773000, 116221000, 7626000]"
macOS,blake2b,round5,"[40496000, 47878000, 14996000, 11427000, 2160000, 21132000, 40486000, 56699000, 13709000, 211000, 3783000, 44764000, 26793000, 100440000, 6919000]"
macOS,blake2b,round6,"[15152000, 77130000, 12105000, 33553000, 46232000, 3369000, 24812000, 7899000, 179441000, 22348000, 117144000, 101196000, 141932000, 10115000, 11725000]"
macOS,blake2b,round7,"[132300000, 16412000, 40393000, 28235000, 28253000, 48468000, 60622000, 129218000, 54706000, 14319000, 36950000, 54442000, 66990000, 34488000, 5181000]"
macOS,blake2b,round8,"[68986000, 73240000, 80966000, 46817000, 128932000, 21652000, 9303000, 65950000, 7205000, 13017000, 17865000, 11246000, 13350000, 46485000, 54701000]"
macOS,blake2b,round9,"[36713000, 54924000, 29350000, 12490000, 6649000, 61302000, 63898000, 81485000, 73110000, 125215000, 19384000, 20153000, 1527000, 6754000, 9876000]"
macOS,blake2s,round1,"[51097000, 15830000, 30868000, 32445000, 114576000, 22075000, 12865000, 48825000, 27032000, 109843000, 85233000, 41276000, 75164000, 151232000, 45268000]"
macOS,blake2s,round2,"[13150000, 11300000, 12122000, 102929000, 15705000, 2148000, 35263000, 40205000, 17872000, 7429000, 53988000, 6564000, 12560000, 17923000, 11036000]"
macOS,blake2s,round3,"[12807000, 82300000, 51890000, 36753000, 52563000, 27132000, 12142000, 7111000, 60510000, 82666000, 133762000, 178510000, 78522000, 30282000, 26948000]"
macOS,blake2s,round4,"[1764000, 8678000, 11808000, 50284000, 94740000, 2425000, 57209000, 7218000, 15992000, 2821000, 102104000, 106270000, 20204000, 20540000, 35732000]"
macOS,blake2s,round5,"[32370000, 69716000, 16459000, 57293000, 29358000, 148037000, 21731000, 12659000, 61104000, 33532000, 142848000, 88997000, 42490000, 71997000, 167794000]"
macOS,blake2s,round6,"[68138000, 14217000, 12864000, 13952000, 101796000, 14395000, 2293000, 36213000, 43297000, 23131000, 8199000, 77659000, 7253000, 13360000, 20044000]"
macOS,blake2s,round7,"[12974000, 14843000, 164665000, 60456000, 41770000, 71956000, 50148000, 18174000, 7957000, 67335000, 65437000, 145822000, 67437000, 58742000, 18891000]"
macOS,blake2s,round8,"[20953000, 1873000, 6988000, 9858000, 37101000, 17706000, 3822000, 65661000, 8385000, 17826000, 3307000, 57755000, 108051000, 22204000, 22592000]"
macOS,blake2s,round9,"[42469000, 29975000, 57835000, 16087000, 32179000, 23439000, 114379000, 22471000, 13669000, 47337000, 27036000, 112401000, 90132000, 46579000, 80022000]"
macOS,blake3,round1,"[43589000, 14098000, 147872000, 70541000, 102328000, 91956000, 40747000, 56990000, 23065000, 4308000, 6739000, 37371000, 14318000, 79024000, 170361000]"
macOS,blake3,round2,"[61048000, 6706000, 53505000, 98289000, 59583000, 78238000, 367809000, 37740000, 80272000, 35949000, 22905000, 34882000, 57893000, 68000, 29216000]"
macOS,blake3,round3,"[133212000, 4805000, 69212000, 3869000, 61864000, 29414000, 72707000, 20086000, 107942000, 26447000, 43779000, 5940000, 19071000, 54418000, 47007000]"
macOS,blake3,round4,"[64657000, 30458000, 56459000, 7559000, 75341000, 23610000, 40131000, 81012000, 21432000, 26108000, 31059000, 2589000, 60122000, 55556000, 91009000]"
macOS,blake3,round5,"[49002000, 35677000, 6172000, 32094000, 114563000, 128356000, 12785000, 80599000, 18382000, 77754000, 46769000, 11140000, 4599000, 2628000, 4347000]"
macOS,blake3,round6,"[26707000, 18743000, 118341000, 89013000, 56163000, 6833000, 66914000, 14628000, 262677000, 22839000, 15262000, 91460000, 26796000, 63000000, 14650000]"
macOS,blake3,round7,"[8001000, 39635000, 3064000, 4322000, 76348000, 56127000, 4561000, 9838000, 47513000, 28155000, 29230000, 5250000, 18744000, 25892000, 5568000]"
macOS,blake3,round8,"[90291000, 79215000, 52344000, 29474000, 82940000, 40660000, 151329000, 5689000, 20597000, 52930000, 11123000, 138204000, 2225000, 13800000, 36166000]"
macOS,blake3,round9,"[70050000, 7076000, 48931000, 2568000, 7570000, 77871000, 78458000, 5522000, 50111000, 8060000, 6106000, 59983000, 55403000, 7736000, 14685000]"
macOS,sha256,round1,"[35621000, 16821000, 2407000, 131352000, 8050000, 26395000, 6323000, 85073000, 123875000, 25000000, 27952000, 38451000, 30981000, 62806000, 15864000]"
macOS,sha256,round2,"[36580000, 28803000, 135960000, 62985000, 13557000, 65794000, 29928000, 126343000, 128611000, 45777000, 79210000, 170499000, 57333000, 17860000, 13101000]"
macOS,sha256,round3,"[15674000, 135535000, 15902000, 2359000, 42112000, 41226000, 18783000, 7850000, 56622000, 6795000, 12993000, 18680000, 11140000, 13015000, 41973000]"
macOS,sha256,round4,"[48801000, 31427000, 44152000, 25147000, 11218000, 6251000, 54674000, 58504000, 70318000, 75110000, 69528000, 20265000, 19899000, 1231000, 5972000]"
macOS,sha256,round5,"[9788000, 38374000, 17069000, 2534000, 63328000, 7788000, 17214000, 3212000, 55974000, 91866000, 20010000, 31039000, 47806000, 34012000, 76278000]"
macOS,sha256,round6,"[13858000, 29079000, 21983000, 142916000, 19546000, 11109000, 42708000, 24773000, 122298000, 96540000, 48062000, 79353000, 209632000, 52618000, 15042000]"
macOS,sha256,round7,"[13771000, 14276000, 112463000, 15706000, 2652000, 40757000, 45078000, 20972000, 8396000, 57353000, 6889000, 12891000, 17394000, 11195000, 12571000]"
macOS,sha256,round8,"[57632000, 82601000, 46686000, 49572000, 28557000, 11878000, 7871000, 64837000, 100196000, 110912000, 76040000, 186582000, 53263000, 33798000, 1287000]"
macOS,sha256,round9,"[12609000, 9319000, 33791000, 16138000, 2300000, 58855000, 9254000, 28204000, 4005000, 54609000, 92348000, 19597000, 19873000, 35652000, 27002000]"
macOS,sha512,round1,"[164501000, 49036000, 12825000, 11080000, 12320000, 107294000, 15159000, 2818000, 41176000, 48717000, 21206000, 8674000, 62746000, 39538000, 13755000]"
macOS,sha512,round2,"[19135000, 10574000, 12601000, 40378000, 44044000, 30462000, 154423000, 28100000, 11438000, 6721000, 58307000, 64241000, 76909000, 69792000, 63542000]"
macOS,sha512,round3,"[20184000, 18999000, 1236000, 6202000, 9219000, 32387000, 15943000, 2413000, 58377000, 7757000, 16563000, 3078000, 56933000, 95557000, 19836000]"
macOS,sha512,round4,"[20971000, 35407000, 25992000, 49950000, 13471000, 27617000, 21170000, 103562000, 18867000, 11003000, 42412000, 52258000, 110476000, 84500000, 40976000]"
macOS,sha512,round5,"[71993000, 137730000, 45328000, 12489000, 10751000, 12320000, 97596000, 13068000, 2231000, 34696000, 40725000, 18343000, 7813000, 54202000, 6514000]"
macOS,sha512,round6,"[12284000, 16980000, 10106000, 13543000, 42062000, 49922000, 33618000, 46447000, 26211000, 11166000, 6283000, 56500000, 59317000, 79045000, 67638000]"
macOS,sha512,round7,"[61124000, 18928000, 20568000, 1230000, 5947000, 8822000, 32403000, 15917000, 2329000, 57459000, 7190000, 16532000, 2951000, 53083000, 96753000]"
macOS,sha512,round8,"[23248000, 25723000, 46107000, 30707000, 76750000, 15290000, 36134000, 25504000, 115278000, 20921000, 12062000, 44839000, 26835000, 124072000, 92489000]"
macOS,sha512,round9,"[43097000, 71004000, 142915000, 54319000, 13738000, 12247000, 13886000, 105901000, 13687000, 2298000, 36590000, 41518000, 18682000, 7885000, 56603000]"
Windows,blake2b,round1,"[208316200, 239473900, 203122100, 184105300, 71432300, 52580300, 14106000, 17382400, 31094000, 96917900, 55702100, 8508500, 199019600, 27018600, 55000400]"
Windows,blake2b,round2,"[10524100, 164007000, 286569900, 31527800, 29526600, 63580100, 43551200, 74653500, 21003700, 44599300, 40742400, 160721500, 31562900, 17979000, 77728100]"
Windows,blake2b,round3,"[40027600, 195885100, 126215000, 61071100, 106330900, 217046900, 72367900, 20017700, 17015800, 18103100, 156456000, 20034600, 4512700, 52968300, 62976500]"
Windows,blake2b,round4,"[28138200, 11045700, 81793000, 9059500, 20016700, 24024400, 17200500, 19052700, 65561200, 67564300, 47033300, 69102400, 38087000, 16547100, 9153000]"
Windows,blake2b,round5,"[85078700, 90113600, 113277300, 116274900, 84594700, 28527300, 26015200, 2000100, 7525600, 12531500, 48541500, 23563000, 2999300, 85210400, 10535000]"
Windows,blake2b,round6,"[25041300, 4022000, 79199200, 149448400, 27776900, 29765700, 53470900, 42442400, 74876400, 21117500, 46866600, 33728200, 182680300, 31625200, 16528600]"
Windows,blake2b,round7,"[67970100, 41248000, 176417700, 135913100, 62098100, 105749000, 215830800, 69770700, 18513600, 17703600, 19113600, 149365200, 19211100, 3052300, 56256700]"
Windows,blake2b,round8,"[58763000, 26656300, 11089200, 85266900, 9625300, 18228500, 25037400, 15418600, 18714900, 64023100, 71888400, 48075800, 70299400, 46077300, 16509200]"
Windows,blake2b,round9,"[11058800, 87905800, 98243600, 110683800, 97075300, 91355600, 28208800, 25787000, 1022200, 8556000, 12809800, 46149200, 23096200, 2998300, 85077800]"
Windows,blake2s,round1,"[200173700, 28495600, 16725900, 68579800, 37965900, 171997400, 131823100, 60118600, 106717400, 227483000, 67847200, 18444600, 17260700, 19030500, 142277600]"
Windows,blake2s,round2,"[20350700, 2999600, 53547500, 61587900, 26526100, 11510700, 81214200, 10523200, 18632700, 25129400, 16065100, 18098300, 61377600, 68267700, 51154800]"
Windows,blake2s,round3,"[65412400, 38884600, 17244500, 8755300, 86105600, 88914600, 128462500, 98305800, 85496500, 26122300, 24058200, 1993900, 8528400, 12026700, 46162600]"
Windows,blake2s,round4,"[23098400, 4006500, 84105200, 9732500, 23764600, 4563700, 83226800, 132117800, 28087900, 29516000, 55118000, 41505000, 76837400, 20025500, 43705300]"
Windows,blake2s,round5,"[30492100, 170859300, 29854600, 17129500, 89785500, 38046400, 161407200, 126459400, 61744600, 103429800, 206713200, 97483700, 17834700, 16173500, 17570400]"
Windows,blake2s,round6,"[156303900, 20105500, 3568000, 52977500, 59539100, 36950500, 11741500, 79222400, 10494000, 47564800, 26042200, 17057600, 20085600, 66345900, 71274700]"
Windows,blake2s,round7,"[51636900, 71101200, 38404300, 18084500, 9509900, 94779900, 93203700, 144892400, 94758600, 88811800, 30191800, 27532500, 2000700, 9511600, 15051100]"
Windows,blake2s,round8,"[47725100, 25027100, 4022100, 82362700, 9672400, 25064200, 4505900, 73867100, 136809000, 34003700, 30173900, 56672200, 60696800, 79697400, 20103800]"
Windows,blake2s,round9,"[43687500, 35130700, 161313000, 30526700, 17010400, 64120700, 38177700, 164082500, 131553700, 62666600, 101433600, 224985500, 67818700, 18132800, 19517600]"
Windows,blake3,round1,"[11011000, 18016600, 26045300, 14620000, 20018100, 62169200, 69201100, 56228000, 68539600, 38239700, 16509600, 10508400, 83110700, 88232000, 107611400]"
Windows,blake3,round2,"[98281400, 93322000, 29105800, 26214000, 1998400, 7509400, 15031600, 48185800, 25929500, 7506900, 87212400, 11033700, 23067800, 4505600, 79909600]"
Windows,blake3,round3,"[137124300, 30573400, 32076900, 55684500, 41077100, 82367700, 20845700, 44643900, 33561400, 205502500, 32953000, 17301000, 71400900, 39908300, 186508600]"
Windows,blake3,round4,"[138232800, 75764900, 116807200, 217894400, 71085900, 20019500, 17016000, 47620400, 156041200, 20580000, 2999300, 52734900, 60425600, 27333400, 12065000]"
Windows,blake3,round5,"[85693000, 9568400, 18073800, 26307000, 16353000, 16582000, 59506200, 68547200, 47418300, 81202800, 37792100, 16645000, 9506300, 80679100, 86144700]"
Windows,blake3,round6,"[105547800, 97106200, 83800600, 44104800, 26529400, 1997300, 8506400, 13517300, 48354100, 25065700, 5004400, 85940200, 9500200, 23631800, 5003100]"
Windows,blake3,round7,"[77486600, 134259600, 31550500, 31766000, 55699800, 42042200, 79680600, 20057300, 52511900, 33916300, 157596200, 29089800, 16017200, 64062700, 37148300]"
Windows,blake3,round8,"[172393600, 124929800, 65191300, 108667500, 476222200, 169161400, 42216800, 35029900, 45657200, 358465400, 48717700, 3502500, 104954200, 131182400, 62557800]"
Windows,blake3,round9,"[25502100, 186829500, 20697000, 45036700, 65196600, 34551000, 41809000, 139063300, 156129700, 157268800, 149937400, 85170200, 36541900, 19020300, 182387300]"
Windows,sha256,round1,"[10506300, 24231200, 4007200, 83160100, 143530200, 33861500, 29585600, 52894300, 41614100, 78398800, 20154100, 42682300, 33939500, 166043600, 26992900]"
Windows,sha256,round2,"[16300700, 91339800, 40649200, 168699200, 128378900, 64152700, 102742200, 210103300, 67839300, 19130300, 17115800, 19093700, 152553100, 21071800, 3008200]"
Windows,sha256,round3,"[53938100, 60413200, 28549400, 12508900, 84254600, 10086500, 19854800, 26065600, 16231200, 18105900, 63920100, 71742500, 51594700, 71240300, 40473900]"
Windows,sha256,round4,"[17168300, 9571100, 81050900, 91238000, 138709800, 96008400, 89749500, 27716200, 24598700, 2015900, 8529700, 12567200, 49474700, 24650500, 3261500]"
Windows,sha256,round5,"[84889900, 10025500, 26558100, 4511500, 77775000, 173233200, 31599600, 31475500, 54971500, 43576200, 78489700, 21910500, 49254400, 33250800, 163140500]"
Windows,sha256,round6,"[30002600, 16850300, 73296700, 38106000, 173710600, 129151700, 64403100, 106775600, 216732200, 71833900, 19577500, 18112900, 19060000, 148931000, 20657700]"
Windows,sha256,round7,"[3090200, 57328900, 63073700, 29068000, 11580300, 83185700, 10701000, 17672800, 25062300, 15129900, 18255600, 61107900, 70713100, 48643700, 68664700]"
Windows,sha256,round8,"[39145400, 19057800, 9592300, 81598100, 93420800, 104618800, 118510800, 91615500, 27774500, 28790700, 1021200, 8531600, 12102300, 46566000, 23610000]"
Windows,sha256,round9,"[3345400, 86873100, 10506300, 24249200, 4788600, 79242400, 143109100, 29961600, 32228100, 55429800, 48600200, 80539500, 21383400, 43403000, 32735200]"
Windows,sha512,round1,"[19026500, 153905900, 21080300, 2516400, 53393700, 62503600, 26960500, 11621800, 84251600, 9514200, 17994000, 24809900, 15062100, 19063500, 63766100]"
Windows,sha512,round2,"[67396600, 45494600, 65218700, 38590200, 17261900, 9510500, 85330700, 88276600, 134491400, 92341900, 86403400, 27089100, 26073500, 1976600, 8517800]"
Windows,sha512,round3,"[12549800, 46585800, 25366100, 6648600, 84950900, 9988900, 22081600, 4571100, 102484200, 137049200, 30586500, 30883100, 54376700, 39645900, 82434700]"
Windows,sha512,round4,"[21300600, 41690400, 32898400, 180838300, 29173600, 16517100, 63790800, 38707700, 160904600, 135683000, 68905500, 108698100, 229644200, 66755500, 18820000]"
Windows,sha512,round5,"[18068300, 19846300, 156381300, 19027000, 4477200, 54024200, 59557300, 26589500, 12566800, 83155400, 10598900, 18186700, 25826400, 15512300, 19289300]"
Windows,sha512,round6,"[78131700, 71156800, 50537600, 67417400, 37096000, 15600200, 9340900, 99863000, 119304200, 103681200, 97907800, 87567800, 27890100, 30583700, 1512400]"
Windows,sha512,round7,"[8522100, 12579600, 46475600, 22102200, 2985800, 81143400, 11035700, 43669500, 5000800, 81737000, 134758300, 30604600, 30538200, 52515500, 42201300]"
Windows,sha512,round8,"[74757000, 20265200, 41175800, 33846600, 159581600, 28542500, 16743200, 64001600, 37614900, 178473200, 187036600, 65242600, 120019700, 220025500, 71827500]"
Windows,sha512,round9,"[18068400, 16061200, 18018200, 153402300, 19016900, 3529400, 53189100, 64262800, 63636800, 12546100, 91996700, 10533900, 22029600, 26609600, 16030200]"
